nr	DOI	type	Score	PageURL	TotalShares	TweeterShares	FacebookShares	RedditShares	BlogShares	NewsShare	WikipediaShares	ResearchHighlightShares	VideoShares	PoliciesShare	PinterestShares	WeiboShares	PeerReviewShares
1	10.1016/j.ajog.2020.06.021	article	208.89	http://www.altmetric.com/details.php?citation_id=84064474	270	249	8	-1	1	-1	-1	-1	-1	-1	-1	-1	-1
2	10.1056/NEJMoa2007621	article	3829.3939999999	http://www.altmetric.com/details.php?citation_id=81036040	4085	3221	26	3	38	194	3	-1	2	1	-1	-1	-1
3	10.1016/S0140-6736(20)31180-6	article	24612.246000001	http://www.altmetric.com/details.php?citation_id=82549788	45403	30953	62	29	85	673	6	1	12	2	-1	-1	-1
4	10.1016/j.tmaid.2020.101665	article	371.57	http://www.altmetric.com/details.php?citation_id=79544640	2951	2840	-1	1	2	-1	1	-1	1	-1	-1	-1	-1
5	10.1101/2020.05.05.20088757	preprint	3711.5599999998	http://www.altmetric.com/details.php?citation_id=81796387	13449	10883	2	-1	3	15	-1	-1	-1	-1	-1	-1	-1
6	10.1016/j.jaad.2020.04.140	article	18.24	http://www.altmetric.com/details.php?citation_id=80970497	20	19	-1	-1	1	-1	-1	-1	-1	-1	-1	-1	-1
7	10.1016/j.jflm.2020.101964	article	986.12	http://www.altmetric.com/details.php?citation_id=79674487	286	134	-1	2	6	107	-1	-1	2	-1	-1	-1	-1
8	10.25796/bdd.v3i1.54503	article	-1		-1	-1	-1	-1	-1	-1	-1	-1	-1	-1	-1	-1	-1
9	10.1101/2020.04.08.20058578	preprint	1444.766	http://www.altmetric.com/details.php?citation_id=79488763	1349	965	7	-1	14	77	-1	-1	4	-1	-1	-1	-1
10	10.1016/j.ijantimicag.2020.105949	article	10822.660000001	http://www.altmetric.com/details.php?citation_id=77952531	15034	10121	30	3	58	299	3	1	21	3	-1	-1	-1
11	10.1016/j.japh.2020.04.007	article	-1		-1	-1	-1	-1	-1	-1	-1	-1	-1	-1	-1	-1	-1
12	10.1016/j.eng.2020.03.007	article	3916.3299999998	http://www.altmetric.com/details.php?citation_id=77773192	10091	7769	-1	2	2	38	1	1	-1	-1	-1	-1	-1
13	10.3760/cma.j.cn112338-20200221-00144	article	5158.84	http://www.altmetric.com/details.php?citation_id=77140311	10444	7406	29	-1	8	30	-1	-1	16	-1	-1	-1	-1
14	10.1101/2020.02.23.20026872	preprint	13.55	http://www.altmetric.com/details.php?citation_id=76692370	11	9	-1	-1	-1	1	-1	-1	-1	-1	-1	-1	-1
15	10.1016/S2214-109X(20)30065-6	article	3120.3799999999	http://www.altmetric.com/details.php?citation_id=76626342	8977	8411	1	5	3	38	-1	-1	-1	-1	-1	-1	-1
16	10.1038/s41423-020-0424-9	article	3383.9539999998	http://www.altmetric.com/details.php?citation_id=79350562	6655	5718	9	9	6	12	-1	-1	-1	-1	-1	-1	-1
17	10.7326/M20-1342	article	7122.5040000003	http://www.altmetric.com/details.php?citation_id=79213450	12589	10402	34	1	15	104	-1	-1	1	2	-1	-1	-1
18	10.1101/2020.04.10.036020	preprint	3	http://www.altmetric.com/details.php?citation_id=79598405	15	10	-1	-1	-1	-1	-1	-1	-1	-1	-1	-1	-1
19	10.1101/2020.04.04.025080	preprint	90.85	http://www.altmetric.com/details.php?citation_id=79157298	150	105	-1	-1	-1	3	-1	-1	-1	-1	-1	-1	-1
20	10.1093/nsr/nwaa036	article	7204.5600000001	http://www.altmetric.com/details.php?citation_id=77023969	10796	9114	15	18	24	226	-1	1	3	1	-1	-1	-1
21	10.1016/j.japh.2020.04.004	article	-1		-1	-1	-1	-1	-1	-1	-1	-1	-1	-1	-1	-1	-1
22	10.1101/2020.02.10.20021675	preprint	1818.7	http://www.altmetric.com/details.php?citation_id=75797326	2885	2350	1	-1	-1	17	-1	-1	-1	2	-1	-1	-1
23	10.3760/cma.j.issn.0578-1310.2020.0008	article	552.95000000001	http://www.altmetric.com/details.php?citation_id=76312079	1952	1824	1	-1	-1	-1	-1	-1	-1	-1	-1	-1	-1
