PMCID,DOI,ArticleType,Received,Accepted,ReviewTime,URL of Editorial Board,EIC is author,Associate Editor is author,Editorial Board member is author,Comment,
PMC7300900,10.1002/agm2.12113,Journal Article,26-Apr-2020 0:00:00,26-Apr-2020 0:00:00,0,https://onlinelibrary.wiley.com/page/journal/24750360/homepage/EditorialBoard.html,1,1,3,GUIDELINES AND CONSENSUS,
PMC7262106,10.1002/ca.23601,Journal Article,02-Apr-2020 0:00:00,02-Apr-2020 0:00:00,0,https://onlinelibrary.wiley.com/page/journal/10982353/homepage/editorialboard.html,0,0,0,Viewpoint,
PMC7228289,10.1002/ccd.28888,Journal Article,25-Mar-2020 0:00:00,25-Mar-2020 0:00:00,0,https://onlinelibrary.wiley.com/page/journal/1522726x/homepage/editorialboard.html,0,0,3,Article,
PMC7240840,10.1002/ctm2.16,Journal Article,14-Mar-2020 0:00:00,14-Mar-2020 0:00:00,0,https://onlinelibrary.wiley.com/page/journal/20011326/homepage/editorial-board,1,1,0,Short communication,
PMC7285843,10.1002/ctm2.7,Journal Article,03-Mar-2020 0:00:00,03-Mar-2020 0:00:00,0,https://onlinelibrary.wiley.com/page/journal/20011326/homepage/editorial-board,0,0,0,Short communication,
PMC7272887,10.1002/eat.23293,Journal Article / Editorial,30-Apr-2020 0:00:00,30-Apr-2020 0:00:00,0,https://onlinelibrary.wiley.com/page/journal/1098108x/homepage/editorialboard.html,1,4,0,Editorial,
PMC7280562,10.1002/eat.23300,Journal Article / Comment,08-May-2020 0:00:00,08-May-2020 0:00:00,0,https://onlinelibrary.wiley.com/page/journal/1098108x/homepage/editorialboard.html,0,0,1,Commentary,
PMC7267427,10.1002/hed.26213,Journal Article,14-Apr-2020 0:00:00,14-Apr-2020 0:00:00,0,https://onlinelibrary.wiley.com/page/journal/10970347/homepage/editorialboard.html,1,0,0,Review,
PMC7267608,10.1002/hed.26230,Journal Article,24-Apr-2020 0:00:00,24-Apr-2020 0:00:00,0,https://onlinelibrary.wiley.com/page/journal/10970347/homepage/editorialboard.html,0,0,0,Article,
PMC7276902,10.1002/hed.26258,Journal Article,28-Apr-2020 0:00:00,28-Apr-2020 0:00:00,0,https://onlinelibrary.wiley.com/page/journal/10970347/homepage/editorialboard.html,0,0,0,Article,
PMC7276716,10.1002/hed.26259,Journal Article,28-Apr-2020 0:00:00,28-Apr-2020 0:00:00,0,https://onlinelibrary.wiley.com/page/journal/10970347/homepage/editorialboard.html,0,0,0,Article,
PMC7280620,10.1002/hed.26270,Journal Article,05-May-2020 0:00:00,05-May-2020 0:00:00,0,https://onlinelibrary.wiley.com/page/journal/10970347/homepage/editorialboard.html,0,0,0,Article,
PMC7280616,10.1002/hed.26280,Journal Article,06-May-2020 0:00:00,06-May-2020 0:00:00,0,https://onlinelibrary.wiley.com/page/journal/10970347/homepage/editorialboard.html,0,0,0,Article,
PMC7262302,10.1002/mus.26891,Journal Article,08-Apr-2020 0:00:00,08-Apr-2020 0:00:00,0,https://onlinelibrary.wiley.com/page/journal/10974598/homepage/editorialboard.html,0,1,0,Article,
PMC7300595,10.1002/pa.2164,Journal Article / Comment,24-Apr-2020 0:00:00,24-Apr-2020 0:00:00,0,https://onlinelibrary.wiley.com/page/journal/14791854/homepage/editorialboard.html,0,0,0,Commentary,
PMC7323063,10.1002/pa.2195,Journal Article,19-May-2020 0:00:00,19-May-2020 0:00:00,0,https://onlinelibrary.wiley.com/page/journal/14791854/homepage/editorialboard.html,0,0,0,Article,
PMC7235469,10.1002/pbc.28409,Journal Article,24-Apr-2020 0:00:00,24-Apr-2020 0:00:00,0,https://onlinelibrary.wiley.com/page/journal/15455017/homepage/editorialboard.html,0,1,2,Article,
PMC7267574,10.1002/ppul.24800,Journal Article,17-Apr-2020 0:00:00,17-Apr-2020 0:00:00,0,https://onlinelibrary.wiley.com/page/journal/10990496/homepage/editorialboard.html,0,1,1,Commentary,
PMC7250260,10.1007/s00266-020-01789-w,Journal Article / Letter,11-May-2020 0:00:00,11-May-2020 0:00:00,0,https://www.springer.com/journal/266/editors,0,0,0,Letter to the Editor,
PMC7232926,10.1007/s11357-020-00195-z,Journal Article,23-Apr-2020 0:00:00,23-Apr-2020 0:00:00,0,https://www.springer.com/journal/11357/editors,0,0,0,Article,
PMC7153352,10.1007/s11605-020-04592-9,Journal Article / Review,31-Mar-2020 0:00:00,31-Mar-2020 0:00:00,0,https://www.springer.com/journal/11605/editors,0,0,1,Review,
PMC7095352,10.1007/s11684-020-0765-x,Journal Article,04-Mar-2020 0:00:00,04-Mar-2020 0:00:00,0,https://www.springer.com/journal/11684/editors,1,0,0,Commentary,
PMC7146012,10.1007/s12072-020-10043-z,Journal Article,07-Apr-2020 0:00:00,07-Apr-2020 0:00:00,0,https://www.springer.com/journal/12072/editors,0,0,1,Consensus,
PMC7183927,10.1007/s12098-020-03292-1,Journal Article / Review,02-Apr-2020 0:00:00,02-Apr-2020 0:00:00,0,https://www.springer.com/journal/12098/editors,1,1,0,Review,
PMC7221011,10.1007/s12098-020-03322-y,Journal Article / Review,24-Apr-2020 0:00:00,24-Apr-2020 0:00:00,0,https://www.springer.com/journal/12098/editors,1,1,0,Review,
PMC7305054,10.1007/s12103-020-09547-z,Journal Article,12-Jun-2020 0:00:00,12-Jun-2020 0:00:00,0,https://www.springer.com/journal/12103/editors,0,1,0,Article,
PMC7091166,10.1007/s12519-020-00345-5,Journal Article / Review,02-Feb-2020 0:00:00,02-Feb-2020 0:00:00,0,https://www.springer.com/journal/12519/editors,1,0,2,Review,
PMC7091420,10.1007/s12630-020-01591-x,Journal Article / Review,07-Feb-2020 0:00:00,07-Feb-2020 0:00:00,0,https://www.springer.com/journal/12630/editors,0,0,0,Review,
PMC7205369,10.1007/s12630-020-01684-7,Journal Article,21-Apr-2020 0:00:00,21-Apr-2020 0:00:00,0,https://www.springer.com/journal/12630/editors,0,0,1,Article,
PMC7258604,10.1007/s40558-020-00181-3,Journal Article,22-May-2020 0:00:00,22-May-2020 0:00:00,0,https://www.springer.com/journal/40558/editors,1,8,0,Viewpoint,
PMC7181986,10.1016/j.acuro.2020.04.006,Journal Article / Review,21-Apr-2020 0:00:00,21-Apr-2020 0:00:00,0,https://www.sciencedirect.com/journal/actas-urologicas-espanolas/about/editorial-board,0,0,0,Article,
PMC7198203,10.1016/j.admp.2020.04.018,Journal Article,29-Apr-2020 0:00:00,29-Apr-2020 0:00:00,0,https://www.journals.elsevier.com/archives-des-maladies-professionnelles-et-de-lenvironnement/editorial-board,0,4,0,Review,
PMC7102610,10.1016/j.adro.2020.03.003,Journal Article,16-Mar-2020 0:00:00,16-Mar-2020 0:00:00,0,https://www.journals.elsevier.com/advances-in-radiation-oncology/editorial-board,0,0,0,Opinion,
PMC7270882,10.1016/j.adro.2020.03.004,Journal Article / Review,17-Mar-2020 0:00:00,17-Mar-2020 0:00:00,0,https://www.journals.elsevier.com/advances-in-radiation-oncology/editorial-board,0,0,0,Letter to the Editor,
PMC7195454,10.1016/j.adro.2020.03.012,Journal Article,24-Mar-2020 0:00:00,24-Mar-2020 0:00:00,0,https://www.journals.elsevier.com/advances-in-radiation-oncology/editorial-board,0,0,0,Brief reporting,
PMC7212958,10.1016/j.adro.2020.04.021,Journal Article,13-Apr-2020 0:00:00,13-Apr-2020 0:00:00,0,https://www.journals.elsevier.com/advances-in-radiation-oncology/editorial-board,0,0,0,Brief opinion,
PMC7102516,10.1016/j.ajem.2020.03.036,Journal Article,22-Mar-2020 0:00:00,22-Mar-2020 0:00:00,0,https://www.journals.elsevier.com/american-journal-of-emergency-medicine/editorial-board,0,0,1,Article,
PMC7242930,10.1016/j.ajem.2020.05.042,Journal Article / Case Report,19-May-2020 0:00:00,19-May-2020 0:00:00,0,https://www.journals.elsevier.com/american-journal-of-emergency-medicine/editorial-board,0,0,1,Article,
PMC7212949,10.1016/j.amjms.2020.05.006,Journal Article / Review,01-May-2020 0:00:00,01-May-2020 0:00:00,0,https://www.journals.elsevier.com/the-american-journal-of-the-medical-sciences/editorial-board,0,0,0,Review,
PMC7166028,10.1016/j.arth.2020.04.038,Journal Article,15-Apr-2020 0:00:00,15-Apr-2020 0:00:00,0,https://www.journals.elsevier.com/journal-of-arthroplasty/editorial-board,0,0,0,Article,
PMC7195265,10.1016/j.arth.2020.04.054,Journal Article,17-Apr-2020 0:00:00,17-Apr-2020 0:00:00,0,https://www.journals.elsevier.com/journal-of-arthroplasty/editorial-board,0,0,2,Response,
PMC7185911,10.1016/j.athoracsur.2020.04.007,Journal Article,16-Apr-2020 0:00:00,16-Apr-2020 0:00:00,0,https://www.journals.elsevier.com/the-annals-of-thoracic-surgery/editorial-board,0,1,0,Report,
PMC7227551,10.1016/j.athoracsur.2020.05.003,Journal Article,06-May-2020 0:00:00,06-May-2020 0:00:00,0,https://www.journals.elsevier.com/the-annals-of-thoracic-surgery/editorial-board,0,1,0,Report,
PMC7177144,10.1016/j.avsg.2020.04.037,Journal Article / Case Report,07-Apr-2020 0:00:00,07-Apr-2020 0:00:00,0,https://www.journals.elsevier.com/annals-of-vascular-surgery/editorial-board,0,0,0,Article,
PMC7211577,10.1016/j.avsg.2020.04.041,Journal Article,30-Apr-2020 0:00:00,30-Apr-2020 0:00:00,0,https://www.journals.elsevier.com/annals-of-vascular-surgery/editorial-board,0,0,0,Article,
PMC7175849,10.1016/j.bbi.2020.04.056,Journal Article / Review,21-Apr-2020 0:00:00,21-Apr-2020 0:00:00,0,https://www.journals.elsevier.com/brain-behavior-and-immunity/editorial-board,0,0,0,Viewpoint,
PMC7206431,10.1016/j.bbi.2020.05.026,Journal Article / Review,06-May-2020 0:00:00,06-May-2020 0:00:00,0,https://www.journals.elsevier.com/brain-behavior-and-immunity/editorial-board,0,0,0,Article,
PMC7212955,10.1016/j.bbi.2020.05.028,Journal Article / Letter,07-May-2020 0:00:00,07-May-2020 0:00:00,0,https://www.journals.elsevier.com/brain-behavior-and-immunity/editorial-board,0,0,0,Case report,
PMC7138160,10.1016/j.bbih.2020.100064,Journal Article,21-Mar-2020 0:00:00,21-Mar-2020 0:00:00,0,https://www.journals.elsevier.com/brain-behavior-and-immunity-health/editorial-board,0,0,2,Article,
PMC7162778,10.1016/j.carpath.2020.107228,Journal Article / Review,11-Apr-2020 0:00:00,11-Apr-2020 0:00:00,0,https://www.journals.elsevier.com/cardiovascular-pathology/editorial-board,0,0,0,Review,
PMC7227608,10.1016/j.carrev.2020.05.009,Journal Article / Case Report,11-May-2020 0:00:00,11-May-2020 0:00:00,0,https://www.journals.elsevier.com/cardiovascular-revascularization-medicine/editorial-board,1,0,3,Case report,
PMC7241397,10.1016/j.carrev.2020.05.027,Journal Article / Review,19-May-2020 0:00:00,19-May-2020 0:00:00,0,https://www.journals.elsevier.com/cardiovascular-revascularization-medicine/editorial-board,1,2,1,Review,
PMC7196403,10.1016/j.cireng.2020.04.003,Journal Article,17-Mar-2020 0:00:00,17-Mar-2020 0:00:00,0,https://www.journals.elsevier.com/cirugia-espanola/editorial-board,0,1,0,Special article,
PMC7253976,10.1016/j.cireng.2020.05.008,Journal Article,03-Apr-2020 0:00:00,03-Apr-2020 0:00:00,0,https://www.journals.elsevier.com/cirugia-espanola/editorial-board,0,0,0,Article,
PMC7270428,10.1016/j.ciresp.2020.03.001,Journal Article,17-Mar-2020 0:00:00,17-Mar-2020 0:00:00,0,,,,,Duplicate (spanish version of PMC7196403),
PMC7138380,10.1016/j.ciresp.2020.04.001,Journal Article,03-Apr-2020 0:00:00,03-Apr-2020 0:00:00,0,,,,,Duplicate (spanish version of PMC7253976),
PMC7102580,10.1016/j.cjca.2020.03.027,Journal Article,23-Mar-2020 0:00:00,23-Mar-2020 0:00:00,0,https://www.journals.elsevier.com/canadian-journal-of-cardiology/editorial-board,0,0,5,Guidelines,
PMC7195336,10.1016/j.cjca.2020.04.003,Journal Article,02-Apr-2020 0:00:00,02-Apr-2020 0:00:00,0,https://www.journals.elsevier.com/canadian-journal-of-cardiology/editorial-board,0,0,3,Article,
PMC7189192,10.1016/j.clim.2020.108450,Journal Article,27-Apr-2020 0:00:00,27-Apr-2020 0:00:00,0,https://www.journals.elsevier.com/clinical-immunology/editorial-board,0,0,0,Case report,
PMC7141645,10.1016/j.clinimag.2020.04.001,Journal Article / Review,06-Apr-2020 0:00:00,06-Apr-2020 0:00:00,0,https://www.journals.elsevier.com/clinical-imaging/editorial-board,0,0,0,Review,
PMC7118596,10.1016/j.ctcp.2020.101166,Journal Article,30-Mar-2020 0:00:00,30-Mar-2020 0:00:00,0,https://www.journals.elsevier.com/complementary-therapies-in-clinical-practice/editorial-board,0,0,0,Article,
PMC7241378,10.1016/j.diabet.2020.05.008,Journal Article / Review,15-May-2020 0:00:00,15-May-2020 0:00:00,0,https://www.journals.elsevier.com/diabetes-and-metabolism/editorial-board,0,1,0,Review,
PMC7144598,10.1016/j.dsx.2020.03.016,Journal Article,28-Mar-2020 0:00:00,28-Mar-2020 0:00:00,0,https://www.journals.elsevier.com/diabetes-and-metabolic-syndrome-clinical-research-and-reviews/editorial-board,1,1,0,Article,
PMC7214279,10.1016/j.dsx.2020.05.018,Journal Article,08-May-2020 0:00:00,08-May-2020 0:00:00,0,https://www.journals.elsevier.com/diabetes-and-metabolic-syndrome-clinical-research-and-reviews/editorial-board,1,0,0,Review,
PMC7270771,10.1016/j.earlhumdev.2020.105026,Journal Article,23-Mar-2020 0:00:00,23-Mar-2020 0:00:00,0,https://www.journals.elsevier.com/early-human-development/editorial-board,0,0,0,Article,
PMC7136865,10.1016/j.ejca.2020.03.024,Journal Article,31-Mar-2020 0:00:00,31-Mar-2020 0:00:00,0,https://www.journals.elsevier.com/european-journal-of-cancer/editorial-board,0,0,0,Article,
PMC7128395,10.1016/j.ekir.2020.04.001,Journal Article / Review,02-Apr-2020 0:00:00,02-Apr-2020 0:00:00,0,https://www.journals.elsevier.com/kidney-international-reports/editorial-board,0,0,0,Review,
PMC7102667,10.1016/j.gie.2020.03.019,Journal Article,12-Mar-2020 0:00:00,12-Mar-2020 0:00:00,0,https://www.journals.elsevier.com/gastrointestinal-endoscopy/editorial-board,0,1,0,Special article,
PMC7187877,10.1016/j.gie.2020.04.049,Journal Article,21-Apr-2020 0:00:00,21-Apr-2020 0:00:00,0,https://www.journals.elsevier.com/gastrointestinal-endoscopy/editorial-board,1,0,0,Article,
PMC7328539,10.1016/j.gine.2020.06.013,Journal Article,29-Jun-2020 0:00:00,29-Jun-2020 0:00:00,0,https://www.sciencedirect.com/journal/clinica-e-investigacion-en-ginecologia-y-obstetricia,0,1,2,Original,
PMC7175876,10.1016/j.gsd.2020.100400,Journal Article,18-Apr-2020 0:00:00,18-Apr-2020 0:00:00,0,https://www.journals.elsevier.com/groundwater-for-sustainable-development/editorial-board,0,1,0,Perspective,
PMC7118697,10.1016/j.hrthm.2020.03.028,Journal Article,25-Mar-2020 0:00:00,25-Mar-2020 0:00:00,0,https://www.journals.elsevier.com/heart-rhythm/editorial-board,0,0,5,Article,
PMC7186517,10.1016/j.idcr.2020.e00762,Journal Article / Case Report,06-Apr-2020 0:00:00,06-Apr-2020 0:00:00,0,https://www.journals.elsevier.com/idcases/editorial-board,0,0,0,Case report,
PMC7233233,10.1016/j.idcr.2020.e00828,Journal Article,15-May-2020 0:00:00,15-May-2020 0:00:00,0,https://www.journals.elsevier.com/idcases/editorial-board,0,0,0,Case report,
PMC7250100,10.1016/j.ijcard.2020.04.028,Journal Article,08-Apr-2020 0:00:00,08-Apr-2020 0:00:00,0,https://www.journals.elsevier.com/international-journal-of-cardiology/editorial-board,0,1,0,Short communication,
PMC7263207,10.1016/j.ijinfomgt.2020.102157,Journal Article,23-May-2020 0:00:00,23-May-2020 0:00:00,0,https://www.sciencedirect.com/journal/international-journal-of-information-management/about/editorial-board,0,0,1,Opinion Paper,
PMC7280123,10.1016/j.ijinfomgt.2020.102171,Journal Article,06-Jun-2020 0:00:00,06-Jun-2020 0:00:00,0,https://www.sciencedirect.com/journal/international-journal-of-information-management/about/editorial-board,0,0,1,Opinion Paper,
PMC7307515,10.1016/j.ijinfomgt.2020.102172,Journal Article,08-Jun-2020 0:00:00,08-Jun-2020 0:00:00,0,https://www.sciencedirect.com/journal/international-journal-of-information-management/about/editorial-board,0,0,1,Opinion Paper,
PMC7323683,10.1016/j.ijinfomgt.2020.102173,Journal Article,11-Jun-2020 0:00:00,11-Jun-2020 0:00:00,0,https://www.sciencedirect.com/journal/international-journal-of-information-management/about/editorial-board,0,0,1,Opinion Paper,
PMC7304950,10.1016/j.ijinfomgt.2020.102175,Journal Article,12-Jun-2020 0:00:00,12-Jun-2020 0:00:00,0,https://www.sciencedirect.com/journal/international-journal-of-information-management/about/editorial-board,0,0,1,Opinion Paper,
PMC7324927,10.1016/j.ijinfomgt.2020.102178,Journal Article,14-Jun-2020 0:00:00,14-Jun-2020 0:00:00,0,https://www.sciencedirect.com/journal/international-journal-of-information-management/about/editorial-board,0,0,1,Opinion Paper,
PMC7309933,10.1016/j.ijinfomgt.2020.102180,Journal Article,15-Jun-2020 0:00:00,15-Jun-2020 0:00:00,0,https://www.sciencedirect.com/journal/international-journal-of-information-management/about/editorial-board,0,0,1,Opinion Paper,
PMC7328565,10.1016/j.ijinfomgt.2020.102181,Journal Article,15-Jun-2020 0:00:00,15-Jun-2020 0:00:00,0,https://www.sciencedirect.com/journal/international-journal-of-information-management/about/editorial-board,0,0,1,Opinion Paper,
PMC7320701,10.1016/j.ijinfomgt.2020.102183,Journal Article,15-Jun-2020 0:00:00,15-Jun-2020 0:00:00,0,https://www.sciencedirect.com/journal/international-journal-of-information-management/about/editorial-board,0,0,1,Opinion Paper,
PMC7333595,10.1016/j.ijinfomgt.2020.102185,Journal Article,15-Jun-2020 0:00:00,15-Jun-2020 0:00:00,0,https://www.sciencedirect.com/journal/international-journal-of-information-management/about/editorial-board,0,0,1,Opinion Paper,
PMC7320916,10.1016/j.ijinfomgt.2020.102188,Journal Article,16-Jun-2020 0:00:00,16-Jun-2020 0:00:00,0,https://www.sciencedirect.com/journal/international-journal-of-information-management/about/editorial-board,0,0,1,Opinion Paper,
PMC7327446,10.1016/j.ijinfomgt.2020.102192,Journal Article,19-Jun-2020 0:00:00,19-Jun-2020 0:00:00,0,https://www.sciencedirect.com/journal/international-journal-of-information-management/about/editorial-board,0,0,1,Opinion Paper,
PMC7172675,10.1016/j.ijporl.2020.110059,Journal Article,19-Apr-2020 0:00:00,19-Apr-2020 0:00:00,0,https://www.journals.elsevier.com/international-journal-of-pediatric-otorhinolaryngology/editorial-board,0,1,0,Article,
PMC7177110,10.1016/j.ijsu.2020.04.050,Journal Article / Letter,20-Apr-2020 0:00:00,20-Apr-2020 0:00:00,0,https://www.journals.elsevier.com/international-journal-of-surgery/editorial-board,0,5,0,Review,
PMC7151324,10.1016/j.jacbts.2020.04.001,Journal Article,08-Apr-2020 0:00:00,08-Apr-2020 0:00:00,0,https://basictranslational.onlinejacc.org/content/editorial-board,0,1,0,Perspective,
PMC7151394,10.1016/j.jacbts.2020.04.002,Journal Article / Review,07-Apr-2020 0:00:00,07-Apr-2020 0:00:00,0,https://basictranslational.onlinejacc.org/content/editorial-board,0,0,0,Review,
PMC7162643,10.1016/j.jacbts.2020.04.003,Journal Article / Review,13-Apr-2020 0:00:00,13-Apr-2020 0:00:00,0,https://basictranslational.onlinejacc.org/content/editorial-board,2,0,0,Review,
PMC7198856,10.1016/j.jacc.2020.03.031,Journal Article / Review,17-Mar-2020 0:00:00,17-Mar-2020 0:00:00,0,https://www.onlinejacc.org/content/editorial-board,0,1,0,Review,
PMC7146690,10.1016/j.jacc.2020.04.009,Journal Article / Review,07-Apr-2020 0:00:00,07-Apr-2020 0:00:00,0,https://www.onlinejacc.org/content/editorial-board,0,1,0,Review,
PMC7164881,10.1016/j.jacc.2020.04.031,Journal Article / Review,15-Apr-2020 0:00:00,15-Apr-2020 0:00:00,0,https://www.onlinejacc.org/content/editorial-board,0,3,1,Review,
PMC7164888,10.1016/j.jaccao.2020.04.002,Journal Article / Review,13-Apr-2020 0:00:00,13-Apr-2020 0:00:00,0,https://cardiooncology.onlinejacc.org/journals/editorial-board/jacc-cardiooncology,2,0,0,Review,
PMC7129776,10.1016/j.jaip.2020.04.001,Journal Article / Review,01-Apr-2020 0:00:00,01-Apr-2020 0:00:00,0,https://www.jaci-inpractice.org/content/edboard,0,0,1,Special article,
PMC7128345,10.1016/j.jamcollsurg.2020.03.019,Journal Article,19-Mar-2020 0:00:00,19-Mar-2020 0:00:00,0,https://www.facs.org/publications/jacs/editorial,0,0,0,Special article,
PMC7194622,10.1016/j.jamcollsurg.2020.04.007,Journal Article,02-Apr-2020 0:00:00,02-Apr-2020 0:00:00,0,https://www.facs.org/publications/jacs/editorial,0,0,1,Article,
PMC7184977,10.1016/j.jamcollsurg.2020.04.029,Journal Article,22-Apr-2020 0:00:00,22-Apr-2020 0:00:00,0,https://www.facs.org/publications/jacs/editorial,0,0,0,Special article,
PMC7177102,10.1016/j.jamda.2020.04.017,Journal Article,17-Apr-2020 0:00:00,17-Apr-2020 0:00:00,0,https://www.jamda.com/content/edboard,0,1,0,Opinion Paper,
PMC7297162,10.1016/j.jamda.2020.06.017,Journal Article,09-Jun-2020 0:00:00,09-Jun-2020 0:00:00,0,https://www.jamda.com/content/edboard,0,1,1,Special article,
PMC7113610,10.1016/j.jare.2020.03.005,Journal Article / Review,15-Mar-2020 0:00:00,15-Mar-2020 0:00:00,0,https://www.sciencedirect.com/journal/journal-of-advanced-research/about/editorial-board,0,0,0,Article,
PMC7104051,10.1016/j.jasc.2020.03.001,Journal Article / Review,23-Mar-2020 0:00:00,23-Mar-2020 0:00:00,0,https://www.sciencedirect.com/journal/journal-of-the-american-society-of-cytopathology/about/editorial-board,0,1,0,Review,
PMC7212283,10.1016/j.jceh.2020.03.001,Journal Article / Review,31-Mar-2020 0:00:00,31-Mar-2020 0:00:00,0,https://www.journals.elsevier.com/journal-of-clinical-and-experimental-hepatology/editorial-board,0,1,0,Review,
PMC7195368,10.1016/j.jceh.2020.04.001,Journal Article / Review,30-Mar-2020 0:00:00,30-Mar-2020 0:00:00,0,https://www.journals.elsevier.com/journal-of-clinical-and-experimental-hepatology/editorial-board,0,1,1,Review,
PMC7128256,10.1016/j.jcms.2020.03.011,Journal Article / Review,31-Mar-2020 0:00:00,31-Mar-2020 0:00:00,0,https://www.sciencedirect.com/journal/journal-of-cranio-maxillofacial-surgery/about/editorial-board,1,0,0,Review,
PMC7102609,10.1016/j.jcot.2020.03.014,Journal Article / Review,24-Mar-2020 0:00:00,24-Mar-2020 0:00:00,0,https://www.journals.elsevier.com/journal-of-clinical-orthopaedics-and-trauma/editorial-board,0,0,0,Review,
PMC7318951,10.1016/j.jcot.2020.06.031,Journal Article,22-Jun-2020 0:00:00,22-Jun-2020 0:00:00,0,https://www.sciencedirect.com/journal/journal-of-clinical-orthopaedics-and-trauma/about/editorial-board,0,0,0,Commentary,
PMC7189855,10.1016/j.jdermsci.2020.04.011,Journal Article / Review,24-Apr-2020 0:00:00,24-Apr-2020 0:00:00,0,https://www.jdsjournal.com/content/edboard,0,0,0,Invited Review,
PMC7336933,10.1016/j.jdiacomp.2020.107671,Journal Article,29-Jun-2020 0:00:00,29-Jun-2020 0:00:00,0,https://www.sciencedirect.com/journal/journal-of-diabetes-and-its-complications/about/editorial-board,1,0,0,Perspectives,
PMC7250747,10.1016/j.jemep.2020.100536,Journal Article,12-May-2020 0:00:00,12-May-2020 0:00:00,0,https://www.sciencedirect.com/journal/ethics-medicine-and-public-health/about/editorial-board,0,0,0,Commentary,
PMC7132493,10.1016/j.jhin.2020.01.022,Journal Article / Review,31-Jan-2020 0:00:00,31-Jan-2020 0:00:00,0,https://www.journalofhospitalinfection.com/content/edboard,0,0,1,Review,
PMC7190469,10.1016/j.jhsa.2020.04.024,Journal Article,27-Apr-2020 0:00:00,27-Apr-2020 0:00:00,0,https://www.journals.elsevier.com/the-journal-of-hand-surgery/editorial-board,1,0,0,Editor's choice article,Deputy editor in chief
PMC7102546,10.1016/j.jmii.2020.02.009,Journal Article,17-Feb-2020 0:00:00,17-Feb-2020 0:00:00,0,https://www.sciencedirect.com/journal/journal-of-microbiology-immunology-and-infection/about/editorial-board,0,0,0,Short Communication,
PMC7128959,10.1016/j.jmii.2020.02.012,Journal Article / Review,25-Feb-2020 0:00:00,25-Feb-2020 0:00:00,0,https://www.sciencedirect.com/journal/journal-of-microbiology-immunology-and-infection/about/editorial-board,1,1,0,Review,AE = 1 because Executive Editor
PMC7267541,10.1016/j.jmii.2020.03.003,Journal Article,08-Mar-2020 0:00:00,08-Mar-2020 0:00:00,0,https://www.sciencedirect.com/journal/journal-of-microbiology-immunology-and-infection/about/editorial-board,1,1,0,Short Communication,AE = 1 because Executive Editor
PMC7276115,10.1016/j.jss.2020.05.014,Journal Article,08-May-2020 0:00:00,08-May-2020 0:00:00,0,https://www.journalofsurgicalresearch.com/content/edboard,0,0,0,Opinion Paper,
PMC7185923,10.1016/j.jtcvs.2020.04.059,Journal Article,16-Apr-2020 0:00:00,16-Apr-2020 0:00:00,0,https://www.sciencedirect.com/journal/the-journal-of-thoracic-and-cardiovascular-surgery/about/editorial-board,0,0,2,Opinion Paper,
PMC7185017,10.1016/j.jtho.2020.04.015,Journal Article,18-Apr-2020 0:00:00,18-Apr-2020 0:00:00,0,https://www.journals.elsevier.com/journal-of-thoracic-oncology/editorial-board,0,0,0,Letter to the Editor,
PMC7142682,10.1016/j.jvir.2020.03.021,Journal Article / Editorial,24-Mar-2020 0:00:00,24-Mar-2020 0:00:00,0,https://www.journals.elsevier.com/journal-of-vascular-and-interventional-radiology/editorial-board,0,0,0,Special communication,
PMC7142885,10.1016/j.jvir.2020.03.022,Journal Article / Editorial,24-Mar-2020 0:00:00,24-Mar-2020 0:00:00,0,https://www.journals.elsevier.com/journal-of-vascular-and-interventional-radiology/editorial-board,0,1,0,Special communication,
PMC7102556,10.1016/j.micinf.2020.01.003,Journal Article,24-Jan-2020 0:00:00,24-Jan-2020 0:00:00,0,https://www.sciencedirect.com/journal/microbes-and-infection/about/editorial-board,1,1,0,Article,
PMC7200334,10.1016/j.msom.2020.05.001,Journal Article,04-May-2020 0:00:00,04-May-2020 0:00:00,0,https://www.sciencedirect.com/journal/medecine-du-sommeil/about/editorial-board,1,0,2,Practical recommendations,
PMC7161531,10.1016/j.nefro.2020.04.002,Journal Article,15-Apr-2020 0:00:00,15-Apr-2020 0:00:00,0,https://www.sciencedirect.com/journal/nefrologia/about/editorial-board,0,2,0,Special communication,Translated to Spanish
PMC7260501,10.1016/j.omsc.2020.100160,Journal Article / Case Report,27-May-2020 0:00:00,27-May-2020 0:00:00,0,https://www.sciencedirect.com/journal/oral-and-maxillofacial-surgery-cases/about/editorial-board,0,0,0,Article,
PMC7136881,10.1016/j.oraloncology.2020.104682,Journal Article / Editorial,02-Apr-2020 0:00:00,02-Apr-2020 0:00:00,0,https://www.sciencedirect.com/journal/oral-oncology/about/editorial-board,0,0,0,Editorial,
PMC7203057,10.1016/j.oraloncology.2020.104777,Journal Article / Letter,04-May-2020 0:00:00,04-May-2020 0:00:00,0,https://www.sciencedirect.com/journal/oral-oncology/about/editorial-board,0,0,0,Letter to the editor,
PMC7247476,10.1016/j.otorri.2020.05.001,Journal Article,13-May-2020 0:00:00,13-May-2020 0:00:00,0,https://www.sciencedirect.com/journal/acta-otorrinolaringologica-espanola/about/editorial-board,0,0,0,Special communication,Translated to Spanish
PMC7160645,10.1016/j.pcad.2020.04.008,Journal Article / Review,12-Apr-2020 0:00:00,12-Apr-2020 0:00:00,0,https://www.sciencedirect.com/journal/progress-in-cardiovascular-diseases/about/editorial-board,0,0,0,Review,
PMC7204727,10.1016/j.phrs.2020.104891,Journal Article,01-May-2020 0:00:00,01-May-2020 0:00:00,0,https://www.sciencedirect.com/journal/pharmacological-research/about/editorial-board,0,0,0,Opinion Paper,
PMC7227582,10.1016/j.phrs.2020.104927,Journal Article / Review,13-May-2020 0:00:00,13-May-2020 0:00:00,0,https://www.sciencedirect.com/journal/pharmacological-research/about/editorial-board,0,0,0,Review,
PMC7212951,10.1016/j.prrv.2020.05.001,Journal Article / Review,01-May-2020 0:00:00,01-May-2020 0:00:00,0,https://www.sciencedirect.com/journal/paediatric-respiratory-reviews/about/editorial-board,0,0,0,Review,
PMC7289084,10.1016/j.prrv.2020.06.005,Journal Article / Review,04-Jun-2020 0:00:00,04-Jun-2020 0:00:00,0,https://www.sciencedirect.com/journal/paediatric-respiratory-reviews/about/editorial-board,1,0,0,Review,
PMC7293440,10.1016/j.prrv.2020.06.006,Journal Article / Review,08-Jun-2020 0:00:00,08-Jun-2020 0:00:00,0,https://www.sciencedirect.com/journal/paediatric-respiratory-reviews/about/editorial-board,1,2,0,Review,
PMC7301825,10.1016/j.prrv.2020.06.010,Journal Article / Review,11-Jun-2020 0:00:00,11-Jun-2020 0:00:00,0,https://www.sciencedirect.com/journal/paediatric-respiratory-reviews/about/editorial-board,0,0,0,Review,
PMC7334652,10.1016/j.prrv.2020.06.012,Journal Article / Review,11-Jun-2020 0:00:00,11-Jun-2020 0:00:00,0,https://www.sciencedirect.com/journal/paediatric-respiratory-reviews/about/editorial-board,1,3,0,Review,
PMC7301791,10.1016/j.prrv.2020.06.013,Journal Article / Review,11-Jun-2020 0:00:00,11-Jun-2020 0:00:00,0,https://www.sciencedirect.com/journal/paediatric-respiratory-reviews/about/editorial-board,0,0,0,Review,
PMC7305725,10.1016/j.prrv.2020.06.015,Journal Article / Review,12-Jun-2020 0:00:00,12-Jun-2020 0:00:00,0,https://www.sciencedirect.com/journal/paediatric-respiratory-reviews/about/editorial-board,0,1,0,Review,
PMC7316049,10.1016/j.prrv.2020.06.016,Journal Article / Review,18-Jun-2020 0:00:00,18-Jun-2020 0:00:00,0,https://www.sciencedirect.com/journal/paediatric-respiratory-reviews/about/editorial-board,0,2,0,Review,
PMC7102622,10.1016/j.psychres.2020.112921,Journal Article,15-Mar-2020 0:00:00,15-Mar-2020 0:00:00,0,https://www.journals.elsevier.com/psychiatry-research/editorial-board,0,0,0,Article,
PMC7191293,10.1016/j.psychres.2020.113042,Journal Article,25-Apr-2020 0:00:00,25-Apr-2020 0:00:00,0,https://www.journals.elsevier.com/psychiatry-research/editorial-board,0,0,0,Short communication,
PMC7200362,10.1016/j.psychres.2020.113069,Journal Article / Review,03-May-2020 0:00:00,03-May-2020 0:00:00,0,https://www.journals.elsevier.com/psychiatry-research/editorial-board,1,2,0,Article,
PMC7283063,10.1016/j.psym.2020.06.001,Journal Article / Letter,05-Jun-2020 0:00:00,05-Jun-2020 0:00:00,0,https://www.journals.elsevier.com/psychosomatics/editorial-board,0,0,0,Letter to the Editor,
PMC7287442,10.1016/j.puhe.2020.06.006,Journal Article,03-Jun-2020 0:00:00,03-Jun-2020 0:00:00,0,https://www.journals.elsevier.com/public-health/editorial-board,0,0,0,Short Communication,
PMC7146722,10.1016/j.purol.2020.03.009,Journal Article / Review,25-Mar-2020 0:00:00,25-Mar-2020 0:00:00,0,https://www.journals.elsevier.com/progres-en-urologie/editorial-board,0,0,0,Review,
PMC7252074,10.1016/j.radonc.2020.04.001,Journal Article,01-Apr-2020 0:00:00,01-Apr-2020 0:00:00,0,https://www.journals.elsevier.com/radiotherapy-and-oncology/editorial-board,0,0,0,COVID-19 Rapid Communication,
PMC7247451,10.1016/j.rccar.2020.05.002,Journal Article / Review,14-May-2020 0:00:00,14-May-2020 0:00:00,0,https://www.journals.elsevier.com/revista-colombiana-de-cardiologia/editorial-board,0,1,0,Review,
PMC7129623,10.1016/j.sapharm.2020.02.003,Journal Article,09-Feb-2020 0:00:00,09-Feb-2020 0:00:00,0,https://www.sciencedirect.com/journal/research-in-social-and-administrative-pharmacy/about/editorial-board,0,0,0,Article,
PMC7156146,10.1016/j.sapharm.2020.03.007,Journal Article,16-Mar-2020 0:00:00,16-Mar-2020 0:00:00,0,https://www.sciencedirect.com/journal/research-in-social-and-administrative-pharmacy/about/editorial-board,0,0,0,Article,
PMC7102520,10.1016/j.sapharm.2020.03.012,Journal Article / Review,22-Mar-2020 0:00:00,22-Mar-2020 0:00:00,0,https://www.sciencedirect.com/journal/research-in-social-and-administrative-pharmacy/about/editorial-board,0,0,0,Review,
PMC7270164,10.1016/j.sapharm.2020.03.015,Journal Article,24-Mar-2020 0:00:00,24-Mar-2020 0:00:00,0,https://www.sciencedirect.com/journal/research-in-social-and-administrative-pharmacy/about/editorial-board,0,0,1,Article,
PMC7118622,10.1016/j.sapharm.2020.03.017,Journal Article,25-Mar-2020 0:00:00,25-Mar-2020 0:00:00,0,https://www.sciencedirect.com/journal/research-in-social-and-administrative-pharmacy/about/editorial-board,0,0,0,Article,
PMC7129111,10.1016/j.sapharm.2020.03.027,Journal Article,31-Mar-2020 0:00:00,31-Mar-2020 0:00:00,0,https://www.sciencedirect.com/journal/research-in-social-and-administrative-pharmacy/about/editorial-board,0,0,0,Article,
PMC7136878,10.1016/j.sapharm.2020.04.001,Journal Article,03-Apr-2020 0:00:00,03-Apr-2020 0:00:00,0,https://www.sciencedirect.com/journal/research-in-social-and-administrative-pharmacy/about/editorial-board,0,0,0,Practice,
PMC7146711,10.1016/j.sapharm.2020.04.002,Journal Article,03-Apr-2020 0:00:00,03-Apr-2020 0:00:00,0,https://www.sciencedirect.com/journal/research-in-social-and-administrative-pharmacy/about/editorial-board,0,0,0,Article,
PMC7194937,10.1016/j.sapharm.2020.04.003,Journal Article / Review,03-Apr-2020 0:00:00,03-Apr-2020 0:00:00,0,https://www.sciencedirect.com/journal/research-in-social-and-administrative-pharmacy/about/editorial-board,0,0,0,Article,
PMC7162785,10.1016/j.sapharm.2020.04.013,Journal Article,12-Apr-2020 0:00:00,12-Apr-2020 0:00:00,0,https://www.sciencedirect.com/journal/research-in-social-and-administrative-pharmacy/about/editorial-board,0,0,0,Article,
PMC7195349,10.1016/j.sapharm.2020.04.014,Journal Article / Letter,14-Apr-2020 0:00:00,14-Apr-2020 0:00:00,0,https://www.sciencedirect.com/journal/research-in-social-and-administrative-pharmacy/about/editorial-board,0,0,0,Recommendation,
PMC7166303,10.1016/j.sapharm.2020.04.016,Journal Article,14-Apr-2020 0:00:00,14-Apr-2020 0:00:00,0,https://www.sciencedirect.com/journal/research-in-social-and-administrative-pharmacy/about/editorial-board,0,0,0,Article,
PMC7179508,10.1016/j.sapharm.2020.04.027,Journal Article,22-Apr-2020 0:00:00,22-Apr-2020 0:00:00,0,https://www.sciencedirect.com/journal/research-in-social-and-administrative-pharmacy/about/editorial-board,0,0,0,Article,
PMC7194881,10.1016/j.sapharm.2020.04.028,Journal Article,23-Apr-2020 0:00:00,23-Apr-2020 0:00:00,0,https://www.sciencedirect.com/journal/research-in-social-and-administrative-pharmacy/about/editorial-board,0,0,0,Article,
PMC7219380,10.1016/j.sapharm.2020.05.011,Journal Article,11-May-2020 0:00:00,11-May-2020 0:00:00,0,https://www.sciencedirect.com/journal/research-in-social-and-administrative-pharmacy/about/editorial-board,0,1,0,Article,
PMC7260564,10.1016/j.sapharm.2020.05.027,Journal Article,25-May-2020 0:00:00,25-May-2020 0:00:00,0,https://www.sciencedirect.com/journal/research-in-social-and-administrative-pharmacy/about/editorial-board,0,0,0,Article,
PMC7261353,10.1016/j.sapharm.2020.05.030,Journal Article,28-May-2020 0:00:00,28-May-2020 0:00:00,0,https://www.sciencedirect.com/journal/research-in-social-and-administrative-pharmacy/about/editorial-board,0,0,0,Article,
PMC7289723,10.1016/j.sapharm.2020.05.033,Journal Article / Review,29-May-2020 0:00:00,29-May-2020 0:00:00,0,https://www.sciencedirect.com/journal/research-in-social-and-administrative-pharmacy/about/editorial-board,0,0,0,Article,
PMC7266601,10.1016/j.sapharm.2020.06.002,Journal Article,01-Jun-2020 0:00:00,01-Jun-2020 0:00:00,0,https://www.sciencedirect.com/journal/research-in-social-and-administrative-pharmacy/about/editorial-board,0,0,0,Article,
PMC7334137,10.1016/j.sapharm.2020.07.003,Journal Article / Review,01-Jul-2020 0:00:00,01-Jul-2020 0:00:00,0,https://www.sciencedirect.com/journal/research-in-social-and-administrative-pharmacy/about/editorial-board,0,0,0,Research,
PMC7129813,10.1016/j.schres.2020.04.002,Journal Article / Letter,02-Apr-2020 0:00:00,02-Apr-2020 0:00:00,0,https://www.journals.elsevier.com/schizophrenia-research/editorial-board,0,0,0,Letter to the editor,
PMC7142675,10.1016/j.scitotenv.2020.138201,Journal Article,23-Mar-2020 0:00:00,23-Mar-2020 0:00:00,0,https://www.journals.elsevier.com/science-of-the-total-environment/editorial-board,0,0,0,Article,
PMC7194859,10.1016/j.scitotenv.2020.138401,Journal Article,31-Mar-2020 0:00:00,31-Mar-2020 0:00:00,0,https://www.journals.elsevier.com/science-of-the-total-environment/editorial-board,0,0,0,Article,
PMC7270847,10.1016/j.scitotenv.2020.138436,Journal Article,02-Apr-2020 0:00:00,02-Apr-2020 0:00:00,0,https://www.journals.elsevier.com/science-of-the-total-environment/editorial-board,0,0,0,Article,
PMC7169901,10.1016/j.scitotenv.2020.138474,Journal Article,03-Apr-2020 0:00:00,03-Apr-2020 0:00:00,0,https://www.journals.elsevier.com/science-of-the-total-environment/editorial-board,0,0,0,Article,
PMC7195029,10.1016/j.scitotenv.2020.138532,Journal Article,05-Apr-2020 0:00:00,05-Apr-2020 0:00:00,0,https://www.journals.elsevier.com/science-of-the-total-environment/editorial-board,0,0,0,Article,
PMC7195141,10.1016/j.scitotenv.2020.138539,Journal Article,05-Apr-2020 0:00:00,05-Apr-2020 0:00:00,0,https://www.journals.elsevier.com/science-of-the-total-environment/editorial-board,0,0,0,Short Communication,
PMC7151283,10.1016/j.scitotenv.2020.138540,Journal Article,05-Apr-2020 0:00:00,05-Apr-2020 0:00:00,0,https://www.journals.elsevier.com/science-of-the-total-environment/editorial-board,0,0,0,Article,
PMC7162772,10.1016/j.scitotenv.2020.138543,Journal Article,05-Apr-2020 0:00:00,05-Apr-2020 0:00:00,0,https://www.journals.elsevier.com/science-of-the-total-environment/editorial-board,0,0,0,Short Communication,
PMC7175865,10.1016/j.scitotenv.2020.138875,Journal Article,19-Apr-2020 0:00:00,19-Apr-2020 0:00:00,0,https://www.journals.elsevier.com/science-of-the-total-environment/editorial-board,0,0,0,Article,
PMC7214287,10.1016/j.ssci.2020.104810,Journal Article,06-May-2020 0:00:00,06-May-2020 0:00:00,0,https://www.sciencedirect.com/journal/safety-science/about/editorial-board,1,0,0,Short Communication,
PMC7236668,10.1016/j.surg.2020.05.007,Journal Article,01-May-2020 0:00:00,01-May-2020 0:00:00,0,https://www.journals.elsevier.com/surgery-oxford/editorial-board,0,0,0,Article,
PMC7320663,10.1016/j.therap.2020.06.013,Journal Article,25-Jun-2020 0:00:00,25-Jun-2020 0:00:00,0,https://www.sciencedirect.com/journal/therapies/about/editorial-board,0,0,0,Review,
PMC7328608,10.1016/j.transci.2020.102866,Journal Article,24-Jun-2020 0:00:00,24-Jun-2020 0:00:00,0,https://www.sciencedirect.com/journal/transfusion-and-apheresis-science/about/editorial-board,0,0,0,Case report,
PMC7194049,10.1016/j.trim.2020.101304,Journal Article / Editorial,28-Apr-2020 0:00:00,28-Apr-2020 0:00:00,0,https://www.sciencedirect.com/journal/transplant-immunology/about/editorial-board,0,0,0,Editorial,
PMC7158248,10.1016/j.trsl.2020.04.007,Journal Article,09-Apr-2020 0:00:00,09-Apr-2020 0:00:00,0,https://www.journals.elsevier.com/translational-research/editorial-board,1,0,0,Case report,
PMC7153527,10.1016/j.urology.2020.04.004,Journal Article,08-Apr-2020 0:00:00,08-Apr-2020 0:00:00,0,https://www.journals.elsevier.com/urology/editorial-board,0,0,0,Special Article, 
PMC7198432,10.1016/j.urology.2020.04.083,Journal Article,27-Apr-2020 0:00:00,27-Apr-2020 0:00:00,0,https://www.journals.elsevier.com/urology/editorial-board,0,0,0,Article,
PMC7233200,10.1016/j.urology.2020.05.011,Journal Article,04-May-2020 0:00:00,04-May-2020 0:00:00,0,https://www.journals.elsevier.com/urology/editorial-board,0,0,0,Article,
PMC7141547,10.1016/j.wombi.2020.03.011,Journal Article,26-Mar-2020 0:00:00,26-Mar-2020 0:00:00,0,https://www.sciencedirect.com/journal/women-and-birth/about/editorial-board,1,1,0,Discussion,
PMC7274642,10.1016/j.yebeh.2020.107211,Journal Article,01-Jun-2020 0:00:00,01-Jun-2020 0:00:00,0,https://www.journals.elsevier.com/epilepsy-and-behavior/editorial-board,0,0,0,Brief Communication,
PMC7287299,10.1017/S0714980820000203,Journal Article,11-May-2020 0:00:00,11-May-2020 0:00:00,0,https://www.cambridge.org/core/journals/canadian-journal-on-aging-la-revue-canadienne-du-vieillissement/information/editorial-board,1,1,5,Statement,
PMC7322149,10.1017/S1047951120001432,Journal Article / Letter,12-May-2020 0:00:00,12-May-2020 0:00:00,0,https://www.cambridge.org/core/journals/cardiology-in-the-young/information/editorial-board,0,0,1,Letter to the editor,
PMC7198452,10.1017/S1049023X20000552,Journal Article,15-Apr-2020 0:00:00,15-Apr-2020 0:00:00,0,https://www.cambridge.org/core/journals/prehospital-and-disaster-medicine,0,0,2,Report,
PMC7200206,10.1038/s10038-020-0771-5,Journal Article,27-Apr-2020 0:00:00,27-Apr-2020 0:00:00,0,https://www.nature.com/jhg/editors,0,0,1,Article,Advisory Editor
PMC7184994,10.1053/j.gastro.2020.04.052,Journal Article / Review,24-Apr-2020 0:00:00,24-Apr-2020 0:00:00,0,https://www.gastrojournal.org/content/board-of-editors,1,0,0,Article,
PMC7241550,10.1080/20961790.2020.1744400,Journal Article,16-Mar-2020 0:00:00,16-Mar-2020 0:00:00,0,https://www.tandfonline.com/action/journalInformation?show=editorialBoard&journalCode=tfsr20,0,0,0,Article,
PMC7310206,10.1089/scd.2020.0080,Journal Article,07-May-2020 0:00:00,07-May-2020 0:00:00,0,https://home.liebertpub.com/publications/stem-cells-and-development/125/editorial-board,0,0,0,Article,
PMC7249458,10.1089/ten.tea.2020.0094,Journal Article,09-Apr-2020 0:00:00,09-Apr-2020 0:00:00,0,https://home.liebertpub.com/publications/tissue-engineering-parts-a-b-and-c/595/editorial-board,0,0,0,Article,
PMC7197607,10.1093/dote/doaa029,Journal Article,06-Apr-2020 0:00:00,06-Apr-2020 0:00:00,0,https://academic.oup.com/dote/pages/Editorial_Board,0,0,0,Editor's choice,
PMC7184393,10.1093/jamia/ocaa037,Journal Article,18-Mar-2020 0:00:00,18-Mar-2020 0:00:00,0,https://academic.oup.com/jamia/pages/Editorial_Board,0,0,0,Article,
PMC7184334,10.1093/jamia/ocaa039,Journal Article / Comment,20-Mar-2020 0:00:00,20-Mar-2020 0:00:00,0,https://academic.oup.com/jamia/pages/Editorial_Board,0,1,0,Short Communication,
PMC7184500,10.1093/jamia/ocaa048,Journal Article / Comment,31-Mar-2020 0:00:00,31-Mar-2020 0:00:00,0,https://academic.oup.com/jamia/pages/Editorial_Board,0,0,0,Short Communication,
PMC7188148,10.1093/neuros/nyaa147,Journal Article,01-Apr-2020 0:00:00,01-Apr-2020 0:00:00,0,https://academic.oup.com/neurosurgery/pages/Editorial_Board,0,0,0,Case Report,
PMC7313766,10.1093/neuros/nyaa198,Journal Article,21-Apr-2020 0:00:00,21-Apr-2020 0:00:00,0,https://academic.oup.com/neurosurgery/pages/Editorial_Board,0,0,0,Case Report,
PMC7188143,10.1093/pubmed/fdaa053,Journal Article / Letter,03-Apr-2020 0:00:00,03-Apr-2020 0:00:00,0,https://academic.oup.com/jpubhealth/pages/Editorial_Board,0,0,0,Letter to the Editor,
PMC7211041,10.1096/fba.2020-00015,Journal Article,01-Apr-2020 0:00:00,01-Apr-2020 0:00:00,0,https://faseb.onlinelibrary.wiley.com/hub/journal/15306860/homepage/editorial-board,0,0,0,Article,
PMC7227201,10.1097/IM9.0000000000000023,Journal Article,16-Apr-2020 0:00:00,16-Apr-2020 0:00:00,0,https://journals.lww.com/imd/pages/editorialboard.aspx,1,0,1,Article,
PMC7202097,10.1097/JCMA.0000000000000334,Journal Article / Review,10-Apr-2020 0:00:00,10-Apr-2020 0:00:00,0,https://journals.lww.com/jcma/pages/editorialboard.aspx,0,0,0,Review,
PMC7273950,10.1097/MPG.0000000000002729,Journal Article,27-Mar-2020 0:00:00,27-Mar-2020 0:00:00,0,https://journals.lww.com/jpgn/Pages/editorialboard.aspx,0,0,1,Article,
PMC7282405,10.1097/SCS.0000000000006574,Journal Article,31-Mar-2020 0:00:00,31-Mar-2020 0:00:00,0,https://journals.lww.com/jcraniofacialsurgery/Pages/editorialboard.aspx,1,0,0,Editorial,
PMC7282409,10.1097/SCS.0000000000006601,Journal Article,03-Apr-2020 0:00:00,03-Apr-2020 0:00:00,0,https://journals.lww.com/jcraniofacialsurgery/Pages/editorialboard.aspx,0,0,0,Editorial,
PMC7273945,10.1097/UPJ.0000000000000152,Journal Article,31-Mar-2020 0:00:00,31-Mar-2020 0:00:00,0,https://www.auajournals.org/pb-assets/media/UP-Editorial-Board-1582214520927.pdf,0,0,0,Article,
PMC7273943,10.1097/UPJ.0000000000000155,Journal Article,13-Apr-2020 0:00:00,13-Apr-2020 0:00:00,0,https://www.auajournals.org/pb-assets/media/UP-Editorial-Board-1582214520927.pdf,0,0,0,Article,
PMC7267670,10.1111/1462-2920.15039,Journal Article,22-Apr-2020 0:00:00,22-Apr-2020 0:00:00,0,https://sfamjournals.onlinelibrary.wiley.com/hub/journal/14622920/homepage/editorialboard.html,2,0,0,Opinion,
PMC7267449,10.1111/1462-2920.15053,Journal Article,29-Apr-2020 0:00:00,29-Apr-2020 0:00:00,0,https://sfamjournals.onlinelibrary.wiley.com/hub/journal/14622920/homepage/editorialboard.html,2,0,0,Opinion,
PMC7301044,10.1111/1744-9987.13531,Journal Article,01-Jun-2020 0:00:00,01-Jun-2020 0:00:00,0,https://onlinelibrary.wiley.com/page/journal/17449987/homepage/editorialboard.html,1,0,2,Article,
PMC7272962,10.1111/aos.14456,Journal Article,07-Apr-2020 0:00:00,07-Apr-2020 0:00:00,0,https://onlinelibrary.wiley.com/page/journal/17553768/homepage/EditorialBoard.html,0,0,0,Case series,
PMC7264657,10.1111/cjag.12227,Journal Article,07-Apr-2020 0:00:00,07-Apr-2020 0:00:00,0,https://onlinelibrary.wiley.com/page/journal/17447976/homepage/editorialboard.html,0,0,0,Article,
PMC7264581,10.1111/cjag.12228,Journal Article,06-Apr-2020 0:00:00,06-Apr-2020 0:00:00,0,https://onlinelibrary.wiley.com/page/journal/17447976/homepage/editorialboard.html,0,0,1,Article,
PMC7264769,10.1111/cjag.12230,Journal Article,08-Apr-2020 0:00:00,08-Apr-2020 0:00:00,0,https://onlinelibrary.wiley.com/page/journal/17447976/homepage/editorialboard.html,0,0,0,Article,
PMC7264629,10.1111/cjag.12231,Journal Article,13-Apr-2020 0:00:00,13-Apr-2020 0:00:00,0,https://onlinelibrary.wiley.com/page/journal/17447976/homepage/editorialboard.html,0,0,0,Article,
PMC7264784,10.1111/cjag.12233,Journal Article,14-Apr-2020 0:00:00,14-Apr-2020 0:00:00,0,https://onlinelibrary.wiley.com/page/journal/17447976/homepage/editorialboard.html,0,0,0,Article,
PMC7264801,10.1111/cjag.12234,Journal Article,14-Apr-2020 0:00:00,14-Apr-2020 0:00:00,0,https://onlinelibrary.wiley.com/page/journal/17447976/homepage/editorialboard.html,0,0,0,Article,
PMC7264623,10.1111/cjag.12235,Journal Article,14-Apr-2020 0:00:00,14-Apr-2020 0:00:00,0,https://onlinelibrary.wiley.com/page/journal/17447976/homepage/editorialboard.html,0,0,0,Article,
PMC7264797,10.1111/cjag.12236,Journal Article,16-Apr-2020 0:00:00,16-Apr-2020 0:00:00,0,https://onlinelibrary.wiley.com/page/journal/17447976/homepage/editorialboard.html,0,0,0,Article,
PMC7264576,10.1111/cjag.12237,Journal Article,15-Apr-2020 0:00:00,15-Apr-2020 0:00:00,0,https://onlinelibrary.wiley.com/page/journal/17447976/homepage/editorialboard.html,0,0,0,Article,
PMC7264542,10.1111/cjag.12239,Journal Article,17-Apr-2020 0:00:00,17-Apr-2020 0:00:00,0,https://onlinelibrary.wiley.com/page/journal/17447976/homepage/editorialboard.html,0,0,0,Article,
PMC7264609,10.1111/cjag.12240,Journal Article,17-Apr-2020 0:00:00,17-Apr-2020 0:00:00,0,https://onlinelibrary.wiley.com/page/journal/17447976/homepage/editorialboard.html,0,0,0,Article,
PMC7264577,10.1111/cjag.12241,Journal Article,18-Apr-2020 0:00:00,18-Apr-2020 0:00:00,0,https://onlinelibrary.wiley.com/page/journal/17447976/homepage/editorialboard.html,1,0,0,Article,
PMC7264603,10.1111/cjag.12243,Journal Article,18-Apr-2020 0:00:00,18-Apr-2020 0:00:00,0,https://onlinelibrary.wiley.com/page/journal/17447976/homepage/editorialboard.html,0,0,0,Article,
PMC7267173,10.1111/cjag.12246,Journal Article,21-Apr-2020 0:00:00,21-Apr-2020 0:00:00,0,https://onlinelibrary.wiley.com/page/journal/17447976/homepage/editorialboard.html,0,0,0,Article,
PMC7228311,10.1111/echo.14664,Journal Article / Review,30-Mar-2020 0:00:00,30-Mar-2020 0:00:00,0,https://onlinelibrary.wiley.com/page/journal/15408175/homepage/editorialboard.html,0,0,0,Review,
PMC7228371,10.1111/head.13810,Journal Article,27-Mar-2020 0:00:00,27-Mar-2020 0:00:00,0,https://headachejournal.onlinelibrary.wiley.com/hub/journal/15264610/editorialboard.html,0,1,0,Review,
PMC7322986,10.1111/imj.14862,Journal Article,15-Apr-2020 0:00:00,15-Apr-2020 0:00:00,0,https://onlinelibrary.wiley.com/page/journal/14455994/homepage/editorialboard.html,0,0,1,Viewpoint,
PMC7167008,10.1111/jebm.12376,Journal Article,29-Jan-2020 0:00:00,29-Jan-2020 0:00:00,0,https://onlinelibrary.wiley.com/page/journal/17565391/homepage/editorialboard.html,0,0,0,Article,
PMC7228241,10.1111/jgs.16443,Journal Article,19-Mar-2020 0:00:00,19-Mar-2020 0:00:00,0,https://onlinelibrary.wiley.com/page/journal/15325415/homepage/editorialboard.html,0,0,1,Article,
PMC7262210,10.1111/jgs.16477,Journal Article,06-Apr-2020 0:00:00,06-Apr-2020 0:00:00,0,https://onlinelibrary.wiley.com/page/journal/15325415/homepage/editorialboard.html,2,0,1,Article,
PMC7267600,10.1111/jgs.16510,Journal Article,22-Apr-2020 0:00:00,22-Apr-2020 0:00:00,0,https://onlinelibrary.wiley.com/page/journal/15325415/homepage/editorialboard.html,2,0,2,Article,
PMC7267615,10.1111/jgs.16537,Journal Article,30-Apr-2020 0:00:00,30-Apr-2020 0:00:00,0,https://onlinelibrary.wiley.com/page/journal/15325415/homepage/editorialboard.html,1,0,0,Article,
PMC7267288,10.1111/jgs.16539,Journal Article,30-Apr-2020 0:00:00,30-Apr-2020 0:00:00,0,https://onlinelibrary.wiley.com/page/journal/15325415/homepage/editorialboard.html,1,0,0,Article,
PMC7323317,10.1111/jgs.16642,Journal Article,19-May-2020 0:00:00,19-May-2020 0:00:00,0,https://onlinelibrary.wiley.com/page/journal/15325415/homepage/editorialboard.html,0,0,0,Brief Report,
PMC7267532,10.1111/jpc.14903,Journal Article,09-Apr-2020 0:00:00,09-Apr-2020 0:00:00,0,https://onlinelibrary.wiley.com/page/journal/14401754/homepage/editorialboard.html,0,0,0,Article,
PMC7264774,10.1111/jth.14869,Journal Article,20-Apr-2020 0:00:00,20-Apr-2020 0:00:00,0,https://onlinelibrary.wiley.com/page/journal/15387836/homepage/editorialboard.html,0,0,0,Article,
PMC7267083,10.1111/mcn.13036,Journal Article / Editorial,08-May-2020 0:00:00,08-May-2020 0:00:00,0,https://onlinelibrary.wiley.com/page/journal/17408709/homepage/editorialboard.html,2,1,0,Editorial,
PMC7264528,10.1111/pan.13889,Journal Article,14-Apr-2020 0:00:00,14-Apr-2020 0:00:00,0,https://onlinelibrary.wiley.com/page/journal/14609592/homepage/editorialboard.html,0,1,0,Review,
PMC7267124,10.1111/risa.13500,Journal Article / Comment,20-Apr-2020 0:00:00,20-Apr-2020 0:00:00,0,https://onlinelibrary.wiley.com/page/journal/15396924/homepage/editorialboard.html,0,0,0,Commentary,
PMC7267607,10.1111/trf.15843,Journal Article / Review,25-Apr-2020 0:00:00,25-Apr-2020 0:00:00,0,https://onlinelibrary.wiley.com/page/journal/15372995/homepage/editorialboard.html,0,0,0,Review,
PMC7211064,10.1136/esmoopen-2020-000765,Journal Article / Review,27-Mar-2020 0:00:00,27-Mar-2020 0:00:00,0,https://esmoopen.bmj.com/pages/editorial-board/,0,0,0,Review,
PMC7231546,10.1136/medethics-2020-106314,Journal Article,16-Apr-2020 0:00:00,16-Apr-2020 0:00:00,0,https://jme.bmj.com/pages/editorial-board/,0,0,0,Article,
PMC7246095,10.1136/tsaco-2020-000511,Journal Article,11-May-2020 0:00:00,11-May-2020 0:00:00,0,https://tsaco.bmj.com/pages/editorial-board/,0,1,0,Opinion,
PMC7211097,10.1136/wjps-2020-000126,Journal Article / Review,13-Mar-2020 0:00:00,13-Mar-2020 0:00:00,0,https://wjps.bmj.com/pages/editorial-board/,1,0,0,Review,
PMC7179526,10.1159/000507537,Journal Article / Editorial,27-Mar-2020 0:00:00,27-Mar-2020 0:00:00,0,https://www.karger.com/Journal/EditorialBoard/223997,1,0,1,Editorial,
PMC7251585,10.1159/000507898,Journal Article,14-Apr-2020 0:00:00,14-Apr-2020 0:00:00,0,https://www.karger.com/Journal/EditorialBoard/224278,1,2,1,Article,
PMC7234208,10.11606/s1518-8787.2020054002596,Journal Article,28-Apr-2020 0:00:00,28-Apr-2020 0:00:00,0,https://www.scielo.br/revistas/rsp/iedboard.htm,0,0,0,Article,
PMC7267742,10.1177/0194599820930214,Journal Article,07-May-2020 0:00:00,07-May-2020 0:00:00,0,https://journals.sagepub.com/editorial-board/OTO,0,0,0,Article,
PMC7240315,10.1177/0194599820930245,Journal Article,05-May-2020 0:00:00,05-May-2020 0:00:00,0,https://journals.sagepub.com/editorial-board/OTO,0,0,0,Article,
PMC7251624,10.1177/0194599820931805,Journal Article,05-May-2020 0:00:00,05-May-2020 0:00:00,0,https://journals.sagepub.com/editorial-board/OTO,0,0,0,Article,
PMC7288859,10.1177/0733464820924853,Journal Article / Comment,20-Apr-2020 0:00:00,20-Apr-2020 0:00:00,0,https://journals.sagepub.com/editorial-board/JAG,0,0,1,Commentary,
PMC7189614,10.1177/2048872620922795,Journal Article / Review,08-Apr-2020 0:00:00,08-Apr-2020 0:00:00,0,https://journals.sagepub.com/editorial-board/ACC,0,0,0,Review,
PMC7273559,10.1177/2473974X20933566,Journal Article,20-May-2020 0:00:00,20-May-2020 0:00:00,0,https://journals.sagepub.com/editorial-board/OPN,0,0,0,Article,
PMC7281885,10.1177/2473974X20934770,Journal Article / Comment,21-May-2020 0:00:00,21-May-2020 0:00:00,0,https://journals.sagepub.com/editorial-board/OPN,0,0,0,Commentary,
PMC7290271,10.1177/2473974X20936658,Journal Article / Comment,20-May-2020 0:00:00,20-May-2020 0:00:00,0,https://journals.sagepub.com/editorial-board/OPN,0,0,0,Commentary,
PMC7236831,10.1183/13993003.01227-2020,Journal Article / Letter,17-Apr-2020 0:00:00,17-Apr-2020 0:00:00,0,https://erj.ersjournals.com/journal/editorial-board,0,0,1,Letter to the editor,
PMC7236835,10.1183/13993003.01445-2020,Journal Article / Editorial,28-Apr-2020 0:00:00,28-Apr-2020 0:00:00,0,https://erj.ersjournals.com/journal/editorial-board,0,0,1,Editorial,
PMC7243393,10.1183/13993003.01812-2020,Journal Article / Letter,15-May-2020 0:00:00,15-May-2020 0:00:00,0,https://erj.ersjournals.com/journal/editorial-board,0,0,0,Letter to the editor,
PMC7269684,10.1186/s13063-020-04387-y,Journal Article / Letter,06-May-2020 0:00:00,06-May-2020 0:00:00,0,https://trialsjournal.biomedcentral.com/about/editorial-board,0,0,0,Article,
PMC7273817,10.1186/s13063-020-04451-7,Journal Article / Letter,24-May-2020 0:00:00,24-May-2020 0:00:00,0,https://trialsjournal.biomedcentral.com/about/editorial-board,0,0,0,Article,
PMC7267751,10.1186/s13063-020-04453-5,Journal Article / Letter,24-May-2020 0:00:00,24-May-2020 0:00:00,0,https://trialsjournal.biomedcentral.com/about/editorial-board,0,0,0,Article,
PMC7276972,10.1186/s13063-020-04454-4,Journal Article / Letter,24-May-2020 0:00:00,24-May-2020 0:00:00,0,https://trialsjournal.biomedcentral.com/about/editorial-board,0,0,0,Article,
PMC7273823,10.1186/s13063-020-04455-3,Journal Article / Letter,24-May-2020 0:00:00,24-May-2020 0:00:00,0,https://trialsjournal.biomedcentral.com/about/editorial-board,0,0,0,Article,
PMC7156545,10.1192/bjb.2020.37,Journal Article / Editorial,24-Mar-2020 0:00:00,24-Mar-2020 0:00:00,0,https://www.cambridge.org/core/journals/bjpsych-bulletin/information/editorial-board,1,0,0,Editorial,
PMC7162576,10.12890/2020_001641,Journal Article,01-Apr-2020 0:00:00,01-Apr-2020 0:00:00,0,https://www.ejcrim.com/index.php/EJCRIM/about/editorialTeam,0,0,0,Case report,
PMC7213822,10.12890/2020_001651,Journal Article,08-Apr-2020 0:00:00,08-Apr-2020 0:00:00,0,https://www.ejcrim.com/index.php/EJCRIM/about/editorialTeam,0,0,0,Case report,
PMC7213832,10.12890/2020_001672,Journal Article,17-Apr-2020 0:00:00,17-Apr-2020 0:00:00,0,https://www.ejcrim.com/index.php/EJCRIM/about/editorialTeam,0,0,0,Case report,
PMC7279913,10.12890/2020_001724,Journal Article,14-May-2020 0:00:00,14-May-2020 0:00:00,0,https://www.ejcrim.com/index.php/EJCRIM/about/editorialTeam,0,0,0,Case report,
PMC7279916,10.12890/2020_001725,Journal Article,14-May-2020 0:00:00,14-May-2020 0:00:00,0,https://www.ejcrim.com/index.php/EJCRIM/about/editorialTeam,0,1,0,Case report,
PMC7279902,10.12890/2020_001728,Journal Article,14-May-2020 0:00:00,14-May-2020 0:00:00,0,https://www.ejcrim.com/index.php/EJCRIM/about/editorialTeam,0,0,0,Case report,
PMC7172493,10.14309/ajg.0000000000000664,Journal Article,31-Mar-2020 0:00:00,31-Mar-2020 0:00:00,0,https://journals.lww.com/ajg/pages/editorialboard.aspx,1,0,0,Article,
PMC7069463,10.14336/AD.2020.0301,Journal Article / Editorial,01-Mar-2020 0:00:00,01-Mar-2020 0:00:00,0,http://www.aginganddisease.org/EN/column/column213.shtml,1,0,0,Editorial,
PMC7302729,10.14338/IJPT-20-00022.1,Journal Article,10-Apr-2020 0:00:00,10-Apr-2020 0:00:00,0,https://meridian.allenpress.com/theijpt/pages/About,0,0,0,Article,
PMC7277785,10.15420/ecr.2020.17,Journal Article / Review,06-May-2020 0:00:00,06-May-2020 0:00:00,0,https://www.ecrjournal.com/ecr-editorial-board,0,0,1,Article,
PMC7310609,10.1590/S1678-9946202062043,Journal Article,12-Jun-2020 0:00:00,12-Jun-2020 0:00:00,0,https://www.scielo.br/revistas/rimtsp/iedboard.htm,0,0,0,Article,
PMC7264596,10.1634/theoncologist.2020-0313,Journal Article / Editorial,16-Apr-2020 0:00:00,16-Apr-2020 0:00:00,0,https://theoncologist.onlinelibrary.wiley.com/pb-assets/assets/1549490X/ONCO_v25_i4_Editorial%20Board.pdf,1,0,0,Editorial,
PMC7101061,10.2196/18848,Journal Article / Editorial,23-Mar-2020 0:00:00,23-Mar-2020 0:00:00,0,https://mental.jmir.org/about/editorialTeam,1,0,1,Editorial,
PMC7296600,10.22038/abjs.2020.47834.2362,Journal Article / Review,13-Apr-2020 0:00:00,13-Apr-2020 0:00:00,0,http://abjs.mums.ac.ir/data/abjs/news/Journal%20Information2.pdf,0,0,1,Review,
PMC7282429,10.24911/SJP.106-1587809750,Journal Article,25-Apr-2020 0:00:00,25-Apr-2020 0:00:00,0,http://www.sudanjp.com/index.php?sec=eboard,1,0,0,Article,
PMC7217269,10.25259/IJMS_25_2020,Journal Article / Review,28-Mar-2020 0:00:00,28-Mar-2020 0:00:00,0,https://ijmsweb.com/editorial-board/,0,0,0,Review,
PMC7217267,10.25259/IJMS_37_2020,Journal Article,08-Apr-2020 0:00:00,08-Apr-2020 0:00:00,0,https://ijmsweb.com/editorial-board/,0,0,0,Article,
PMC7280924,10.31616/asj.2019.0183,Journal Article / Review,21-Apr-2020 0:00:00,21-Apr-2020 0:00:00,0,https://www.asianspinejournal.org/about/editorial.php,0,0,0,Review,
PMC7113464,10.31616/asj.2020.0122,Journal Article / Review,24-Mar-2020 0:00:00,24-Mar-2020 0:00:00,0,https://www.asianspinejournal.org/about/editorial.php,0,0,0,Review,
PMC7280921,10.31616/asj.2020.0197,Journal Article,28-Apr-2020 0:00:00,28-Apr-2020 0:00:00,0,https://www.asianspinejournal.org/about/editorial.php,0,0,0,Article,
PMC7280919,10.31616/asj.2020.0224,Journal Article / Review,07-May-2020 0:00:00,07-May-2020 0:00:00,0,https://www.asianspinejournal.org/about/editorial.php,0,0,1,Review,
PMC7073724,10.3390/jcm9020488,Journal Article / Editorial,10-Feb-2020 0:00:00,10-Feb-2020 0:00:00,0,https://www.mdpi.com/journal/jcm/editors,0,0,1,Article,
PMC7141332,10.3390/jcm9030657,Journal Article / Editorial,25-Feb-2020 0:00:00,25-Feb-2020 0:00:00,0,https://www.mdpi.com/journal/jcm/editors,0,0,1,Article,
PMC7287662,10.3390/jcm9051269,Journal Article / Editorial,23-Apr-2020 0:00:00,23-Apr-2020 0:00:00,0,https://www.mdpi.com/journal/jcm/editors,0,0,1,Review,
PMC7077218,10.3390/v12020130,Journal Article / Editorial,22-Jan-2020 0:00:00,22-Jan-2020 0:00:00,0,https://www.mdpi.com/journal/viruses/editors,0,1,0,Editorial,
PMC7270632,10.4081/hpr.2020.9124,Journal Article,20-May-2020 0:00:00,20-May-2020 0:00:00,0,https://www.pagepressjournals.org/index.php/hpr/board,1,0,0,Article,
PMC7097833,10.4081/idr.2020.8543,Journal Article,16-Mar-2020 0:00:00,16-Mar-2020 0:00:00,0,https://www.pagepress.org/journals/index.php/idr/board,1,0,0,Article,
PMC7213028,10.4103/0972-2327.282442,Journal Article,07-Apr-2020 0:00:00,07-Apr-2020 0:00:00,0,http://www.annalsofian.org/editorialboard.asp,0,0,1,Article,
PMC7213027,10.4103/aian.AIAN_302_20,Journal Article,14-Apr-2020 0:00:00,14-Apr-2020 0:00:00,0,http://www.annalsofian.org/editorialboard.asp,0,0,1,Article,
PMC7213035,10.4103/aian.AIAN_309_20,Journal Article,15-Apr-2020 0:00:00,15-Apr-2020 0:00:00,0,http://www.annalsofian.org/editorialboard.asp,0,0,0,Review,
PMC7297426,10.4103/ijpvm.IJPVM_236_20,Journal Article,02-May-2020 0:00:00,02-May-2020 0:00:00,0,http://www.ijpvmjournal.net/editorialboard.asp,0,0,1,Review,
PMC7315918,10.4103/JOC.JOC_44_20,Journal Article / Review,08-Apr-2020 0:00:00,08-Apr-2020 0:00:00,0,http://www.jcytol.org/aboutus.asp,1,0,7,Review,
PMC7253101,10.4269/ajtmh.20-0260,Journal Article / Editorial,07-Apr-2020 0:00:00,07-Apr-2020 0:00:00,0,http://www.ajtmh.org/editorial-board,0,0,0,Editorial,
PMC7253093,10.4269/ajtmh.20-0285,Journal Article / Editorial,13-Apr-2020 0:00:00,13-Apr-2020 0:00:00,0,http://www.ajtmh.org/editorial-board,0,0,0,Editorial,
PMC7253117,10.4269/ajtmh.20-0325,Journal Article / Editorial,20-Apr-2020 0:00:00,20-Apr-2020 0:00:00,0,http://www.ajtmh.org/editorial-board,0,0,0,Editorial,
PMC7218761,10.5334/gh.778,Journal Article,05-Mar-2020 0:00:00,05-Mar-2020 0:00:00,0,https://globalheartjournal.com/about/editorialteam/,1,0,0,Brief report,
PMC7234717,10.5811/westjem.2020.4.47549,Journal Article / Comment,03-Apr-2020 0:00:00,03-Apr-2020 0:00:00,0,http://westjem.com/editors-editorial-board,0,0,1,Commentary,
PMC7234719,10.5811/westjem.2020.4.47553,Journal Article / Comment,03-Apr-2020 0:00:00,03-Apr-2020 0:00:00,0,http://westjem.com/editors-editorial-board,0,0,1,Commentary,
PMC7233687,10.6061/clinics/2020/e1980,Journal Article / Review,05-May-2020 0:00:00,05-May-2020 0:00:00,0,https://www.clinicsjournal.com/editorial-board/,1,0,0,Review,
PMC7096178,10.7554/eLife.57162,Journal Article / Editorial,23-Mar-2020 0:00:00,23-Mar-2020 0:00:00,0,https://elifesciences.org/about/people,1,3,0,Editorial,
PMC7170649,10.7554/eLife.57892,Journal Article,16-Apr-2020 0:00:00,16-Apr-2020 0:00:00,0,https://elifesciences.org/about/people,0,0,0,Point of view,
PMC7253171,10.7554/eLife.59147,Journal Article,20-May-2020 0:00:00,20-May-2020 0:00:00,0,https://elifesciences.org/about/people,0,0,0,Commentary,
PMC7326514,10.9745/GHSP-D-20-00189,Journal Article,19-May-2020 0:00:00,19-May-2020 0:00:00,0,https://www.ghspjournal.org/content/editorial-team,0,0,0,Viewpoint,
,,,,,,,,,,,
,,,,,,,,,,,
,,,,,Cells with data:,311,,,,,
,,,,,Ratio,0.9936102236,,,,,